Gender,Married,Dependents,Education,Self_Employed,ApplicantIncome,CoapplicantIncome,LoanAmount,Loan_Amount_Term,Credit_History,Loan_Status,TotalIncome,LoanAmount_log,TotalIncome_log,Loan_to_Income_Ratio,Property_Area_Rural,Property_Area_Semiurban,Property_Area_Urban
1,0,0,0,0,5849,0.0,128.0,360.0,1,1,5849.0,4.859812404361672,8.674196940225903,0.02188034188034188,0,0,1
1,1,1,0,0,4583,1508.0,128.0,360.0,1,0,6091.0,4.859812404361672,8.714731714015052,0.021011162179908074,1,0,0
1,1,0,0,1,3000,0.0,66.0,360.0,1,1,3000.0,4.204692619390966,8.006700845440367,0.021992669110296566,0,0,1
1,1,0,1,0,2583,2358.0,120.0,360.0,1,1,4941.0,4.795790545596741,8.505525386548555,0.024281667341157425,0,0,1
1,0,0,0,0,6000,0.0,141.0,360.0,1,1,6000.0,4.955827057601261,8.699681400989514,0.023496083986002333,0,0,1
1,1,2,0,1,5417,4196.0,267.0,360.0,1,1,9613.0,5.5909869805108565,9.170975648453906,0.027771999167880174,0,0,1
1,1,0,1,0,2333,1516.0,95.0,360.0,1,1,3849.0,4.564348191467836,8.25582842728183,0.024675324675324677,0,0,1
1,1,3,0,0,3036,2504.0,158.0,360.0,0,0,5540.0,5.0689042022202315,8.61993026886735,0.02851470853636528,0,1,0
1,1,2,0,0,4006,1526.0,168.0,360.0,1,1,5532.0,5.1298987149230735,8.618485442898109,0.030363274896078075,0,0,1
1,1,1,0,0,12841,10968.0,349.0,360.0,1,0,23809.0,5.857933154483459,10.077860939480908,0.014657706845863082,0,1,0
1,1,2,0,0,3200,700.0,70.0,360.0,1,1,3900.0,4.2626798770413155,8.268988209506656,0.017944116893104333,0,0,1
1,1,2,0,0,2500,1840.0,109.0,360.0,1,1,4340.0,4.700480365792417,8.375860015299594,0.025109421792213777,0,0,1
1,1,2,0,0,3073,8106.0,200.0,360.0,1,1,11179.0,5.303304908059076,9.32188174670909,0.017889087656529516,0,0,1
1,0,0,0,0,1853,2840.0,114.0,360.0,1,0,4693.0,4.74493212836325,8.454040376410969,0.024286322965487855,1,0,0
1,1,2,0,0,1299,1086.0,17.0,120.0,1,1,2385.0,2.8903717578961645,7.777373602657861,0.007124895222129086,0,0,1
1,0,0,0,0,4950,0.0,125.0,360.0,1,1,4950.0,4.836281906951478,8.507344855361422,0.025247424762674206,0,0,1
1,0,1,1,0,3596,0.0,100.0,240.0,1,1,3596.0,4.61512051684126,8.187855443695623,0.027800945232137893,0,0,1
0,0,0,0,0,3510,0.0,76.0,360.0,0,0,3510.0,4.343805421853684,8.163656176168432,0.02164625462831102,0,0,1
1,1,0,1,0,4887,0.0,133.0,360.0,1,0,4887.0,4.897839799950911,8.494538500851432,0.02720949263502455,1,0,0
1,1,0,0,0,2600,3500.0,115.0,360.0,1,1,6100.0,4.7535901911063645,8.716207971151853,0.018849368955908868,0,0,1
1,1,0,1,0,7660,0.0,104.0,360.0,0,0,7660.0,4.653960350157523,8.94389780251682,0.013575251272679808,0,0,1
1,1,1,0,0,5955,5625.0,315.0,360.0,1,1,11580.0,5.755742213586912,9.357121103184378,0.027199723685346688,0,0,1
1,1,0,1,0,2600,1911.0,116.0,360.0,0,0,4511.0,4.762173934797756,8.414495793177895,0.025709219858156027,0,1,0
1,1,2,1,0,3365,1917.0,112.0,360.0,0,0,5282.0,4.727387818712341,8.572249397164315,0.021200075714556125,1,0,0
1,1,1,0,0,3717,2925.0,151.0,360.0,1,0,6642.0,5.0238805208462765,8.80131894766524,0.022730693963570674,0,1,0
1,1,0,0,1,9560,0.0,191.0,360.0,1,1,9560.0,5.2574953720277815,9.165447603085447,0.019976989854617717,0,1,0
1,1,0,0,0,2799,2253.0,122.0,360.0,1,1,5052.0,4.812184355372417,8.527737405291909,0.02414407282802296,0,1,0
1,1,2,1,0,4226,1040.0,110.0,360.0,1,1,5266.0,4.709530201312334,8.569216219483389,0.020884754129485476,0,0,1
1,0,0,1,0,1442,0.0,35.0,360.0,1,0,1442.0,3.58351893845611,7.274479558773871,0.024255024255024255,0,0,1
0,0,2,0,0,3750,2083.0,120.0,360.0,1,1,5833.0,4.795790545596741,8.671458150427666,0.02056907781967775,0,1,0
1,1,1,0,0,4166,3369.0,201.0,360.0,1,0,7535.0,5.308267697401205,8.927446816256198,0.026671974522292995,0,0,1
1,0,0,0,0,3167,0.0,74.0,360.0,1,0,3167.0,4.31748811353631,8.060855752934316,0.02335858585858586,0,0,1
1,0,1,0,1,4692,0.0,106.0,360.0,1,0,4692.0,4.672828834461906,8.453827315794417,0.02258683145109738,1,0,0
1,1,0,0,0,3500,1667.0,114.0,360.0,1,1,5167.0,4.74493212836325,8.550241045462437,0.022058823529411766,0,1,0
1,0,3,0,0,12500,3000.0,320.0,360.0,1,0,15500.0,5.771441123130016,9.648659816955295,0.02064382943035933,1,0,0
1,1,0,0,0,2275,2067.0,128.0,360.0,1,1,4342.0,4.859812404361672,8.376320632534823,0.029472714713331797,0,0,1
1,1,0,0,0,1828,1330.0,100.0,360.0,0,0,3158.0,4.61512051684126,8.058010800802085,0.03165558721114277,0,0,1
0,1,0,0,0,3667,1459.0,144.0,360.0,1,1,5126.0,4.976733742420574,8.5422759717837,0.028086600351082503,0,1,0
1,0,0,0,0,4166,7210.0,184.0,360.0,1,1,11376.0,5.220355825078324,9.339349052539717,0.016172980574843985,0,0,1
1,0,0,1,0,3748,1668.0,110.0,360.0,1,1,5416.0,4.709530201312334,8.597297435657898,0.020306442680450433,0,1,0
1,0,0,0,0,3600,0.0,80.0,360.0,1,0,3600.0,4.394449154672439,8.188966863648876,0.022216051096917523,0,0,1
1,0,0,0,0,1800,1213.0,47.0,360.0,1,1,3013.0,3.871201010907891,8.01102337918644,0.015593895155938951,0,0,1
1,1,0,0,0,2400,0.0,75.0,360.0,1,1,2400.0,4.330733340286331,7.783640596221253,0.03123698458975427,0,0,1
1,1,0,0,0,3941,2336.0,134.0,360.0,1,1,6277.0,4.90527477843843,8.744806737401898,0.021344377190187957,0,1,0
1,1,0,1,1,4695,0.0,96.0,360.0,1,1,4695.0,4.574710978503383,8.454466361507933,0.020442930153321975,0,0,1
0,0,0,0,0,3410,0.0,88.0,360.0,1,1,3410.0,4.48863636973214,8.134760782418645,0.0257988859571973,0,0,1
1,1,1,0,0,5649,0.0,44.0,360.0,1,1,5649.0,3.8066624897703196,8.639410824140487,0.007787610619469027,0,0,1
1,1,0,0,0,5821,0.0,144.0,360.0,1,1,5821.0,4.976733742420574,8.669399124305569,0.024733768464445208,0,0,1
0,1,0,0,0,2645,3440.0,120.0,360.0,0,0,6085.0,4.795790545596741,8.713746330456916,0.019717384160368057,0,0,1
0,0,0,0,0,4000,2275.0,144.0,360.0,1,1,6275.0,4.976733742420574,8.744488113852924,0.022944550669216062,0,1,0
0,1,0,1,0,1928,1644.0,100.0,360.0,1,1,3572.0,4.61512051684126,8.181160858023409,0.027987685418415897,0,1,0
0,0,0,0,0,3086,0.0,120.0,360.0,1,1,3086.0,4.795790545596741,8.034955024502159,0.038872691933916424,0,1,0
0,0,0,0,0,4230,0.0,112.0,360.0,1,0,4230.0,4.727387818712341,8.350193650720067,0.02647128338454266,0,1,0
1,1,2,0,0,4616,0.0,134.0,360.0,1,0,4616.0,4.90527477843843,8.43750042250699,0.02902317522200563,0,0,1
0,1,1,0,1,11500,0.0,286.0,360.0,0,0,11500.0,5.659482215759621,9.350189267092581,0.024867402834536128,0,0,1
1,1,2,0,0,2708,1167.0,97.0,360.0,1,1,3875.0,4.584967478670572,8.262558973010657,0.02502579979360165,0,1,0
1,1,0,0,0,2132,1591.0,96.0,360.0,1,1,3723.0,4.574710978503383,8.222553638396958,0.02577873254564984,0,1,0
1,1,0,0,0,3366,2200.0,135.0,360.0,1,0,5566.0,4.912654885736052,8.624611588183507,0.02425004490749057,1,0,0
1,1,1,0,0,8080,2250.0,180.0,360.0,1,1,10330.0,5.198497031265826,9.242904362849446,0.017423289129803503,0,0,1
1,1,2,1,0,3357,2859.0,144.0,360.0,1,1,6216.0,4.976733742420574,8.735042754269337,0.023162296927778672,0,0,1
1,1,0,0,0,2500,3796.0,120.0,360.0,1,1,6296.0,4.795790545596741,8.747828608488742,0.019056693663649357,0,0,1
1,1,3,0,0,3029,0.0,99.0,360.0,1,1,3029.0,4.605170185988092,8.016317898503415,0.032673267326732675,0,0,1
1,1,0,1,1,2609,3449.0,165.0,180.0,0,0,6058.0,5.111987788356544,8.70930004894499,0.027232216537382406,1,0,0
1,1,1,0,0,4945,0.0,128.0,360.0,0,0,4945.0,4.859812404361672,8.506334448081361,0.02587949858471492,1,0,0
0,0,0,0,0,4166,0.0,116.0,360.0,0,0,4166.0,4.762173934797756,8.334951631422454,0.027837772978161746,0,1,0
1,1,0,0,0,5726,4595.0,258.0,360.0,1,0,10321.0,5.556828061699537,9.242032818708672,0.024995155977523737,0,1,0
1,0,0,1,0,3200,2254.0,126.0,180.0,0,0,5454.0,4.844187086458591,8.604287898267172,0.0230980751604033,0,0,1
1,1,1,0,0,10750,0.0,312.0,360.0,1,1,10750.0,5.746203190540153,9.282754052485227,0.02902055622732769,0,0,1
1,1,3,1,1,7100,0.0,125.0,60.0,1,1,7100.0,4.836281906951478,8.867990898182093,0.017603154485283764,0,0,1
0,0,0,0,0,4300,0.0,136.0,360.0,0,0,4300.0,4.919980925828125,8.366602832783736,0.03162055335968379,0,1,0
1,1,0,0,0,3208,3066.0,172.0,360.0,1,1,6274.0,5.153291594497779,8.744328763999984,0.02741035856573705,0,0,1
1,1,2,1,1,1875,1875.0,97.0,360.0,1,1,3750.0,4.584967478670572,8.229777750081887,0.025859770727805917,0,1,0
1,0,0,0,0,3500,0.0,81.0,300.0,1,1,3500.0,4.406719247264253,8.160803920954665,0.02313624678663239,0,1,0
1,1,3,1,0,4755,0.0,95.0,360.0,0,0,4755.0,4.564348191467836,8.467162257810672,0.019974768713204374,0,1,0
1,1,3,0,1,5266,1774.0,187.0,360.0,1,1,7040.0,5.236441962829949,8.859505484519133,0.02655872745348672,0,1,0
1,0,0,0,0,3750,0.0,113.0,480.0,1,0,3750.0,4.736198448394496,8.229777750081887,0.030125299920021328,0,0,1
1,0,0,0,0,3750,4750.0,176.0,360.0,1,0,8500.0,5.176149732573829,9.04793908261736,0.0207034466533349,0,0,1
1,1,1,0,1,1000,3022.0,110.0,360.0,1,0,4022.0,4.709530201312334,8.299783171949787,0.02734277902063137,0,0,1
1,1,3,0,0,3167,4000.0,180.0,300.0,0,0,7167.0,5.198497031265826,8.877381954654766,0.025111607142857144,0,1,0
1,1,3,1,1,3333,2166.0,130.0,360.0,1,1,5499.0,4.875197323201151,8.612503371220562,0.023636363636363636,0,1,0
0,0,0,0,0,3846,0.0,111.0,360.0,1,1,3846.0,4.718498871295094,8.255048902752295,0.028853652196516765,0,1,0
1,1,1,0,1,2395,0.0,128.0,360.0,1,1,2395.0,4.859812404361672,7.78155595923534,0.05342237061769616,0,1,0
0,1,2,0,0,1378,1881.0,167.0,360.0,1,0,3259.0,5.123963979403259,8.089482474360754,0.05122699386503068,0,0,1
1,1,0,0,0,6000,2250.0,265.0,360.0,1,0,8250.0,5.583496308781699,9.018089684104343,0.03211731911283481,0,1,0
1,1,1,0,0,3988,0.0,50.0,240.0,1,1,3988.0,3.9318256327243257,8.291295851905407,0.012534469791927802,0,0,1
1,0,0,0,0,2366,2531.0,136.0,360.0,1,1,4897.0,4.919980925828125,8.496582237512113,0.027766435279706004,0,1,0
1,1,2,1,0,3333,2000.0,99.0,360.0,1,1,5333.0,4.605170185988092,8.58185670474196,0.01856017997750281,0,1,0
1,1,0,0,0,2500,2118.0,104.0,360.0,1,1,4618.0,4.653960350157523,8.437933510430605,0.022515696038103484,0,1,0
1,0,0,0,0,8566,0.0,210.0,360.0,1,1,8566.0,5.351858133476067,9.055672891964043,0.02451266487685304,0,0,1
1,1,0,0,0,5695,4167.0,175.0,360.0,1,1,9862.0,5.170483995038151,9.196545660953994,0.017743080198722498,0,1,0
1,1,0,0,0,2958,2900.0,131.0,360.0,1,1,5858.0,4.882801922586371,8.675734219544788,0.022358764294248164,0,1,0
1,1,2,0,0,6250,5654.0,188.0,180.0,1,1,11904.0,5.241747015059643,9.384713758920963,0.015791684166316673,0,1,0
1,1,2,1,0,3273,1820.0,81.0,360.0,1,1,5093.0,4.406719247264253,8.535818655539403,0.015901060070671377,0,0,1
1,0,0,0,0,4133,0.0,122.0,360.0,1,1,4133.0,4.812184355372417,8.327000740241713,0.029511369134010642,0,1,0
1,0,0,1,0,3620,0.0,25.0,120.0,1,1,3620.0,3.258096538021482,8.19450550976564,0.006904170118751726,0,1,0
1,0,0,0,0,6782,0.0,128.0,360.0,1,0,6782.0,4.859812404361672,8.82217476094608,0.018870706177207725,0,0,1
0,1,0,0,0,2484,2302.0,137.0,360.0,1,1,4786.0,4.927253685157205,8.473659189392508,0.028619176937539167,0,1,0
1,1,0,0,0,1977,997.0,50.0,360.0,1,1,2974.0,3.9318256327243257,7.99799931797973,0.01680672268907563,0,1,0
1,1,0,1,0,4188,0.0,115.0,180.0,1,1,4188.0,4.7535901911063645,8.340217320947035,0.027452852709477202,0,1,0
1,1,0,0,0,1759,3541.0,131.0,360.0,1,1,5300.0,4.882801922586371,8.575650760987806,0.024712318430484815,0,1,0
1,1,2,1,0,4288,3263.0,133.0,180.0,1,1,7551.0,4.897839799950911,8.929567707825337,0.017611228813559324,0,0,1
1,0,0,0,0,4843,3806.0,151.0,360.0,1,1,8649.0,5.0238805208462765,9.065314599925925,0.017456647398843932,0,1,0
1,1,0,0,0,13650,0.0,128.0,360.0,1,1,13650.0,4.859812404361672,9.521568058002977,0.0093766024467072,0,0,1
1,1,0,0,0,4652,3583.0,128.0,360.0,1,1,8235.0,4.859812404361672,9.01627006814768,0.015541525012141816,0,1,0
1,1,0,0,0,3816,754.0,160.0,360.0,1,1,4570.0,5.081404364984463,8.427487278331744,0.03500328155764603,0,0,1
1,1,1,0,0,3052,1030.0,100.0,360.0,1,1,4082.0,4.61512051684126,8.314587291319576,0.02449179524859172,0,0,1
1,1,2,0,0,11417,1126.0,225.0,360.0,1,1,12543.0,5.420534999272286,9.436997742590188,0.01793686224489796,0,0,1
1,0,0,1,0,7333,0.0,120.0,360.0,1,0,7333.0,4.795790545596741,8.900276348631271,0.01636214889555495,1,0,0
1,1,2,0,0,3800,3600.0,216.0,360.0,0,0,7400.0,5.37989735354046,8.909370405197466,0.029185245237130116,0,0,1
1,1,3,1,0,2071,754.0,94.0,480.0,1,1,2825.0,4.553876891600541,7.946617563244473,0.03326256192498231,0,1,0
1,0,0,0,0,5316,0.0,136.0,360.0,1,1,5316.0,4.919980925828125,8.57866451350434,0.025578333646793305,0,0,1
0,1,0,0,0,2929,2333.0,139.0,360.0,1,1,5262.0,4.941642422609304,8.56845648535378,0.026410792323769715,0,1,0
1,1,0,1,0,3572,4114.0,152.0,360.0,0,0,7686.0,5.030437921392435,8.947285869349132,0.01977364381423182,1,0,0
0,0,1,0,1,7451,0.0,128.0,360.0,1,1,7451.0,4.859812404361672,8.916237731721479,0.017176596886741814,0,1,0
1,0,0,0,0,5050,0.0,118.0,360.0,1,1,5050.0,4.77912349311153,8.527341522468053,0.02336171055236587,0,1,0
1,1,1,0,0,14583,0.0,185.0,180.0,1,1,14583.0,5.225746673713202,9.5876803163585,0.012685134393856282,1,0,0
0,1,0,0,0,3167,2283.0,154.0,360.0,1,1,5450.0,5.043425116919247,8.603554357064281,0.028251696936341955,0,1,0
1,1,1,0,0,2214,1398.0,85.0,360.0,1,1,3612.0,4.454347296253507,8.19229373114764,0.023526155549404928,0,0,1
1,1,0,0,0,5568,2142.0,175.0,360.0,1,0,7710.0,5.170483995038151,8.95040315983296,0.022694851510828687,1,0,0
0,0,0,0,0,10408,0.0,259.0,360.0,1,1,10408.0,5.560681631015528,9.250426095515468,0.02488231338264963,0,0,1
1,1,0,0,0,5667,2667.0,180.0,360.0,1,1,8334.0,5.198497031265826,9.028218795184895,0.021595680863827234,1,0,0
0,0,0,0,0,4166,0.0,44.0,360.0,1,1,4166.0,3.8066624897703196,8.334951631422454,0.010559155267578594,0,1,0
0,0,0,0,0,2137,8980.0,137.0,360.0,0,1,11117.0,4.927253685157205,9.316320695513415,0.012322360136715237,0,1,0
1,1,2,0,0,2957,0.0,81.0,360.0,1,1,2957.0,4.406719247264253,7.992268643270745,0.02738336713995943,0,1,0
1,1,0,1,0,4300,2014.0,194.0,360.0,1,1,6314.0,5.272999558563747,8.750683034784592,0.030720506730007917,1,0,0
0,0,0,0,0,3692,0.0,93.0,360.0,1,1,3692.0,4.543294782270004,8.214194414852564,0.025182778229082048,1,0,0
1,1,3,0,0,23803,0.0,370.0,360.0,1,1,23803.0,5.916202062607435,10.077608912764743,0.015543606116619056,1,0,0
1,0,0,0,0,3865,1640.0,128.0,360.0,1,1,5505.0,4.859812404361672,8.613593685702552,0.023247366509262624,1,0,0
1,1,1,0,1,10513,3850.0,160.0,180.0,0,0,14363.0,5.081404364984463,9.572480355345974,0.01113895850737956,0,0,1
1,1,0,0,0,6080,2569.0,182.0,360.0,1,0,8649.0,5.209486152841421,9.065314599925925,0.021040462427745665,1,0,0
1,0,0,0,1,20166,0.0,650.0,480.0,1,1,20166.0,6.478509642208569,9.911802884139842,0.03223087221698815,0,0,1
1,0,0,0,0,2014,1929.0,74.0,360.0,1,1,3943.0,4.31748811353631,8.279950715722526,0.018762677484787018,0,0,1
1,0,0,0,0,2718,0.0,70.0,360.0,1,1,2718.0,4.2626798770413155,7.908019444632471,0.025744759102611255,0,1,0
1,1,0,0,1,3459,0.0,25.0,120.0,1,1,3459.0,3.258096538021482,8.14902386805177,0.0072254335260115606,0,1,0
1,0,0,0,0,4895,0.0,102.0,360.0,1,1,4895.0,4.634728988229636,8.496173824192162,0.020833333333333332,0,1,0
1,1,3,0,0,4000,7750.0,290.0,360.0,1,0,11750.0,5.673323267171493,9.371693622333941,0.024678750744617478,0,1,0
0,1,0,0,0,4583,0.0,84.0,360.0,1,0,4583.0,4.442651256490317,8.430327258394575,0.01832460732984293,1,0,0
1,1,2,0,1,3316,3500.0,88.0,360.0,1,1,6816.0,4.48863636973214,8.827174771362785,0.012908904210063077,0,0,1
1,0,0,0,0,14999,0.0,242.0,360.0,0,0,14999.0,5.493061443340548,9.615805480084347,0.016133333333333333,0,1,0
1,1,2,1,0,4200,1430.0,129.0,360.0,1,0,5630.0,4.867534450455582,8.636042325254618,0.02290889717634523,1,0,0
1,1,2,0,0,5042,2083.0,185.0,360.0,1,0,7125.0,5.225746673713202,8.871505346165781,0.02596126859388156,1,0,0
1,0,0,0,0,5417,0.0,168.0,360.0,1,1,5417.0,5.1298987149230735,8.59748202264504,0.031007751937984496,0,0,1
1,0,0,0,1,6950,0.0,175.0,180.0,1,1,6950.0,5.170483995038151,8.846640813100485,0.025176233635448138,0,1,0
1,1,0,0,0,2698,2034.0,122.0,360.0,1,1,4732.0,4.812184355372417,8.462314529906248,0.025776463131206424,0,1,0
1,1,2,0,0,11757,0.0,187.0,180.0,1,1,11757.0,5.236441962829949,9.3722891389622,0.01590406531723082,0,0,1
0,1,0,0,0,2330,4486.0,100.0,360.0,1,1,6816.0,4.61512051684126,8.827174771362785,0.014669209329617133,0,1,0
0,1,2,0,0,14866,0.0,70.0,360.0,1,1,14866.0,4.2626798770413155,9.60689927061335,0.004708414609537903,0,0,1
1,1,1,0,0,1538,1425.0,30.0,360.0,1,1,2963.0,3.4339872044851463,7.994294986415977,0.010121457489878543,0,0,1
0,0,0,0,0,10000,1666.0,225.0,360.0,1,0,11666.0,5.420534999272286,9.364519622823858,0.019285163281049112,1,0,0
1,1,0,0,0,4860,830.0,125.0,360.0,1,1,5690.0,4.836281906951478,8.646641258603124,0.021964505359339307,0,1,0
1,0,0,0,0,6277,0.0,118.0,360.0,0,0,6277.0,4.77912349311153,8.744806737401898,0.01879579483912074,1,0,0
1,1,0,0,1,2577,3750.0,152.0,360.0,1,1,6327.0,5.030437921392435,8.75273950944749,0.02402022756005057,1,0,0
1,0,0,0,0,9166,0.0,244.0,360.0,1,0,9166.0,5.501258210544727,9.123365357961776,0.026617213919493836,0,0,1
1,1,2,1,0,2281,0.0,113.0,360.0,1,0,2281.0,4.736198448394496,7.732807530422021,0.04951796669588081,1,0,0
1,0,0,0,0,3254,0.0,50.0,360.0,1,1,3254.0,3.9318256327243257,8.08794755464267,0.015360983102918587,0,0,1
1,1,3,0,0,39999,0.0,600.0,180.0,0,1,39999.0,6.398594934535208,10.596634733096073,0.015,0,1,0
1,1,1,0,0,6000,0.0,160.0,360.0,1,1,6000.0,5.081404364984463,8.699681400989514,0.026662222962839526,1,0,0
1,1,1,0,0,9538,0.0,187.0,360.0,1,1,9538.0,5.236441962829949,9.163143937145207,0.01960373204738442,0,0,1
1,0,0,0,0,2980,2083.0,120.0,360.0,1,1,5063.0,4.795790545596741,8.529911963824013,0.023696682464454975,1,0,0
1,1,0,0,0,4583,5625.0,255.0,360.0,1,1,10208.0,5.545177444479562,9.231024963169016,0.024977960622979724,0,1,0
1,1,0,1,0,1863,1041.0,98.0,360.0,1,1,2904.0,4.59511985013459,7.974188669286011,0.033734939759036145,0,1,0
1,1,0,0,0,7933,0.0,275.0,360.0,1,0,7933.0,5.62040086571715,8.978912601074276,0.034660952861104107,0,0,1
1,1,1,0,0,3089,1280.0,121.0,360.0,0,0,4369.0,4.804021044733257,8.382518288089635,0.02768878718535469,0,1,0
1,1,2,0,0,4167,1447.0,158.0,360.0,1,1,5614.0,5.0689042022202315,8.633196867172543,0.028138913624220836,1,0,0
1,1,0,0,0,9323,0.0,75.0,180.0,1,1,9323.0,4.330733340286331,9.140347000155648,0.008043758043758044,0,0,1
1,1,0,0,0,3707,3166.0,182.0,360.0,1,1,6873.0,5.209486152841421,8.835501457409778,0.026476578411405296,1,0,0
0,1,0,0,0,4583,0.0,112.0,360.0,1,0,4583.0,4.727387818712341,8.430327258394575,0.02443280977312391,1,0,0
1,1,0,0,0,2439,3333.0,129.0,360.0,1,1,5772.0,4.867534450455582,8.660947155060933,0.022345401004676944,1,0,0
1,0,0,0,0,2237,0.0,63.0,480.0,0,0,2237.0,4.1588830833596715,7.71333788887187,0.028150134048257374,0,1,0
1,1,2,0,0,8000,0.0,200.0,360.0,1,1,8000.0,5.303304908059076,8.987321812850125,0.024996875390576177,0,1,0
1,1,0,1,0,1820,1769.0,95.0,360.0,1,1,3589.0,4.564348191467836,8.185907481482324,0.026462395543175487,1,0,0
1,1,3,0,0,51763,0.0,700.0,300.0,1,1,51763.0,6.55250788703459,10.85445020594156,0.01352291167606831,0,0,1
1,1,3,1,0,3522,0.0,81.0,180.0,1,0,3522.0,4.406719247264253,8.167068178341237,0.022991768379222254,1,0,0
1,1,0,0,0,5708,5625.0,187.0,360.0,1,1,11333.0,5.236441962829949,9.335562336729565,0.016499029468854773,0,1,0
1,1,0,1,1,4344,736.0,87.0,360.0,1,0,5080.0,4.477336814478207,8.533263371593732,0.017122613658728598,0,1,0
1,1,0,0,0,3497,1964.0,116.0,360.0,1,1,5461.0,4.762173934797756,8.60557030203365,0.021237641889417794,1,0,0
1,1,2,0,0,2045,1619.0,101.0,360.0,1,1,3664.0,4.624972813284271,8.206583614320753,0.027557980900409278,1,0,0
1,1,3,0,0,5516,11300.0,495.0,360.0,0,0,16816.0,6.206575926724928,9.73014555852275,0.02943450080275911,0,1,0
1,1,1,0,0,3750,0.0,116.0,360.0,1,1,3750.0,4.762173934797756,8.229777750081887,0.030925086643561715,0,1,0
1,0,0,1,0,2333,1451.0,102.0,480.0,0,0,3784.0,4.634728988229636,8.23880116587155,0.026948480845442536,0,0,1
1,1,1,0,0,6400,7250.0,180.0,360.0,0,0,13650.0,5.198497031265826,9.521568058002977,0.013185847190682002,0,0,1
1,0,0,0,0,1916,5063.0,67.0,360.0,1,0,6979.0,4.219507705176107,8.850804195756417,0.009598853868194842,1,0,0
1,1,0,0,0,4600,0.0,73.0,180.0,1,1,4600.0,4.30406509320417,8.434028950155469,0.01586611606172571,0,1,0
1,1,1,0,0,33846,0.0,260.0,360.0,1,0,33846.0,5.564520407322694,10.429605648120413,0.0076816261411646524,0,1,0
0,1,0,0,0,3625,0.0,108.0,360.0,1,1,3625.0,4.6913478822291435,8.195885391314796,0.02978488692774407,0,1,0
1,1,0,0,1,39147,4750.0,120.0,360.0,1,1,43897.0,4.795790545596741,10.6896240399389,0.0027336097316506447,0,1,0
1,1,1,0,1,2178,0.0,66.0,300.0,0,0,2178.0,4.204692619390966,7.68662133494462,0.030289123451124368,1,0,0
1,1,0,0,0,2383,2138.0,58.0,360.0,1,1,4521.0,4.07753744390572,8.416709652837914,0.012826183104820876,1,0,0
1,1,0,0,1,674,5296.0,168.0,360.0,1,1,5970.0,5.1298987149230735,8.694669696546992,0.02813599062133646,1,0,0
1,1,0,0,0,9328,0.0,188.0,180.0,1,1,9328.0,5.241747015059643,9.140883106960962,0.020152213527709295,1,0,0
1,0,0,1,0,4885,0.0,48.0,360.0,1,1,4885.0,3.8918202981106265,8.494129251817686,0.009823986901350798,1,0,0
1,0,0,0,0,12000,0.0,164.0,360.0,1,0,12000.0,5.10594547390058,9.392745258631441,0.013665527872677276,0,1,0
1,1,0,1,0,6033,0.0,160.0,360.0,1,0,6033.0,5.081404364984463,8.705165419719007,0.026516407026847863,0,0,1
1,0,0,0,0,3858,0.0,76.0,360.0,1,1,3858.0,4.343805421853684,8.258163361537619,0.019694221300855144,0,1,0
1,0,0,0,0,4191,0.0,120.0,360.0,1,1,4191.0,4.795790545596741,8.340933226000878,0.02862595419847328,1,0,0
1,1,1,0,0,3125,2583.0,170.0,360.0,1,0,5708.0,5.14166355650266,8.64979915596426,0.02977754422841128,0,1,0
1,0,0,0,0,8333,3750.0,187.0,360.0,1,1,12083.0,5.236441962829949,9.399637542506563,0.015475008275405495,1,0,0
0,0,0,1,0,1907,2365.0,120.0,360.0,1,1,4272.0,4.795790545596741,8.360071435644025,0.02808331383103206,0,0,1
0,1,0,0,0,3416,2816.0,113.0,360.0,1,1,6232.0,4.736198448394496,8.73761303680885,0.01812931172789989,0,1,0
1,0,0,0,1,11000,0.0,83.0,360.0,1,0,11000.0,4.430816798843313,9.305741456739435,0.007544768657394782,0,0,1
1,1,1,1,0,2600,2500.0,90.0,360.0,1,1,5100.0,4.51085950651685,8.537191877922927,0.01764359929425603,0,1,0
1,0,2,0,0,4923,0.0,166.0,360.0,0,1,4923.0,5.117993812416755,8.501876487304344,0.033712428919577576,0,1,0
1,1,3,1,0,3992,0.0,128.0,180.0,1,0,3992.0,4.859812404361672,8.292298107063221,0.03205609817180065,0,0,1
1,1,1,1,0,3500,1083.0,135.0,360.0,1,1,4583.0,4.912654885736052,8.430327258394575,0.029450261780104712,0,0,1
1,1,2,1,0,3917,0.0,124.0,360.0,1,1,3917.0,4.8283137373023015,8.273336598504486,0.03164880040837162,0,1,0
0,0,0,1,0,4408,0.0,120.0,360.0,1,1,4408.0,4.795790545596741,8.391403185357937,0.027217056021773645,0,1,0
0,0,0,0,0,3244,0.0,80.0,360.0,1,1,3244.0,4.394449154672439,8.08487062913819,0.02465331278890601,0,0,1
1,0,0,1,0,3975,2531.0,55.0,360.0,1,1,6506.0,4.02535169073515,8.780633799494984,0.008452435838327955,1,0,0
1,0,0,0,0,2479,0.0,59.0,360.0,1,1,2479.0,4.0943445622221,7.8160138391590275,0.02379032258064516,0,0,1
1,0,0,0,0,3418,0.0,127.0,360.0,1,0,3418.0,4.852030263919617,8.137103389639302,0.03714536414156186,0,1,0
0,0,0,0,0,10000,0.0,214.0,360.0,1,0,10000.0,5.3706380281276624,9.210440366976517,0.021397860213978603,0,1,0
1,1,3,0,0,3430,1250.0,128.0,360.0,0,0,4680.0,4.859812404361672,8.45126704130007,0.027344584490493484,0,1,0
1,1,1,0,1,7787,0.0,240.0,360.0,1,1,7787.0,5.484796933490655,8.960339366492091,0.030816640986132512,0,0,1
1,1,3,1,1,5703,0.0,130.0,360.0,1,1,5703.0,4.875197323201151,8.648922962094131,0.02279102384291725,1,0,0
1,1,0,0,0,3173,3021.0,137.0,360.0,1,1,6194.0,4.927253685157205,8.731497794063243,0.022114608555286523,0,0,1
1,1,3,1,0,3850,983.0,100.0,360.0,1,1,4833.0,4.61512051684126,8.483429561263428,0.02068680182043856,0,1,0
1,1,0,0,0,150,1800.0,135.0,360.0,1,0,1950.0,4.912654885736052,7.576097340623111,0.06919528446950282,1,0,0
1,1,0,0,0,3727,1775.0,131.0,360.0,1,1,5502.0,4.882801922586371,8.613048677059759,0.023805197165182628,0,1,0
1,1,2,0,0,5000,0.0,72.0,360.0,0,0,5000.0,4.290459441148391,8.517393171418904,0.014397120575884824,0,1,0
0,1,2,0,0,4283,2383.0,127.0,360.0,1,1,6666.0,4.852030263919617,8.80492526261806,0.01904904754762262,0,1,0
1,1,0,0,0,2221,0.0,60.0,360.0,0,0,2221.0,4.110873864173311,7.706162970199576,0.027002700270027002,0,0,1
1,1,2,0,0,4009,1717.0,116.0,360.0,1,1,5726.0,4.762173934797756,8.652947112393857,0.020254932774576566,0,1,0
1,0,0,0,0,2971,2791.0,144.0,360.0,1,1,5762.0,4.976733742420574,8.659213451436667,0.024986985944820406,0,1,0
1,1,0,0,0,7578,1010.0,175.0,360.0,1,1,8588.0,5.170483995038151,9.058237593766226,0.020374898125509373,0,1,0
1,1,0,0,0,6250,0.0,128.0,360.0,1,1,6250.0,4.859812404361672,8.740496729931813,0.020476723724204126,0,1,0
1,1,0,0,0,3250,0.0,170.0,360.0,1,0,3250.0,5.14166355650266,8.086717920303906,0.05229160258382036,1,0,0
1,1,0,1,1,4735,0.0,138.0,360.0,1,0,4735.0,4.9344739331306915,8.462948176563842,0.029138513513513514,0,0,1
1,1,2,0,0,6250,1695.0,210.0,360.0,1,1,7945.0,5.351858133476067,8.980423936374544,0.02642839164359426,0,1,0
1,1,0,0,0,4758,0.0,158.0,480.0,1,1,4758.0,5.0689042022202315,8.46779284112111,0.03320025215381383,0,1,0
1,0,0,0,1,6400,0.0,200.0,360.0,1,1,6400.0,5.303304908059076,8.764209507142004,0.031245117950320263,1,0,0
1,1,1,0,0,2491,2054.0,104.0,360.0,1,1,4545.0,4.653960350157523,8.422003004412488,0.02287725472943247,0,1,0
1,1,0,0,0,3716,0.0,42.0,180.0,1,1,3716.0,3.7612001156935624,8.220672170297252,0.011299435028248588,1,0,0
1,0,0,1,0,3189,2598.0,120.0,360.0,1,1,5787.0,4.795790545596741,8.663542087751374,0.02073255010366275,1,0,0
0,0,0,0,0,8333,0.0,280.0,360.0,1,1,8333.0,5.638354669333745,9.0280988119824,0.033597312215022795,0,1,0
1,1,1,0,0,3155,1779.0,140.0,360.0,1,1,4934.0,4.948759890378168,8.504107951867582,0.028368794326241134,0,1,0
1,1,1,0,0,5500,1260.0,170.0,360.0,1,1,6760.0,5.14166355650266,8.818926087090677,0.025144209436473896,1,0,0
1,1,0,0,0,5746,0.0,255.0,360.0,1,0,5746.0,5.545177444479562,8.656433258507741,0.044370976161475555,0,0,1
0,0,0,0,1,3463,0.0,122.0,360.0,1,1,3463.0,4.812184355372417,8.150179269682326,0.03521939953810624,0,0,1
0,0,1,0,0,3812,0.0,112.0,360.0,1,1,3812.0,4.727387818712341,8.246171559857563,0.02937319695777603,1,0,0
1,1,1,0,0,3315,0.0,96.0,360.0,1,1,3315.0,4.574710978503383,8.106514516255185,0.028950542822677925,0,1,0
1,1,2,0,0,5819,5000.0,120.0,360.0,1,1,10819.0,4.795790545596741,9.289151552400472,0.011090573012939002,1,0,0
1,1,1,1,0,2510,1983.0,140.0,180.0,1,0,4493.0,4.948759890378168,8.410498452745275,0.03115264797507788,0,0,1
1,0,0,0,0,2965,5701.0,155.0,60.0,1,1,8666.0,5.049856007249537,9.067277989134345,0.017883927541248415,0,0,1
1,1,2,0,1,6250,1300.0,108.0,360.0,1,1,7550.0,4.6913478822291435,8.929435283803425,0.014302741358760428,1,0,0
1,1,0,1,0,3406,4417.0,123.0,360.0,1,1,7823.0,4.820281565605037,8.964951211714654,0.01572085889570552,0,1,0
1,0,0,0,1,6050,4333.0,120.0,180.0,1,0,10383.0,4.795790545596741,9.248021438943871,0.011556240369799691,0,0,1
1,1,2,0,0,9703,0.0,112.0,360.0,1,1,9703.0,4.727387818712341,9.180293450623886,0.011541632316570486,0,0,1
1,1,1,1,0,6608,0.0,137.0,180.0,1,1,6608.0,4.927253685157205,8.796187635470453,0.02072930851868664,0,0,1
1,1,1,0,0,2882,1843.0,123.0,480.0,1,1,4725.0,4.820281565605037,8.460834457746854,0.026026237833262803,0,1,0
1,1,0,0,0,1809,1868.0,90.0,360.0,1,1,3677.0,4.51085950651685,8.210124405164267,0.024469820554649267,0,0,1
1,1,0,1,0,1668,3890.0,201.0,360.0,0,0,5558.0,5.308267697401205,8.62317351495347,0.03615758229897464,0,1,0
0,0,2,0,0,3427,0.0,138.0,360.0,1,0,3427.0,4.9344739331306915,8.13973227971767,0.040256709451575265,0,0,1
1,0,0,1,1,2583,2167.0,104.0,360.0,1,1,4750.0,4.653960350157523,8.46611040118692,0.02189012839402231,1,0,0
1,1,1,1,0,2661,7101.0,279.0,180.0,1,1,9762.0,5.634789603169249,9.186355009225672,0.0285772815732869,0,1,0
1,0,0,0,1,16250,0.0,192.0,360.0,0,0,16250.0,5.262690188904886,9.69590972432601,0.011814657559534798,0,0,1
0,0,3,0,0,3083,0.0,255.0,360.0,1,1,3083.0,5.545177444479562,8.03398273468322,0.08268482490272373,1,0,0
1,0,0,1,0,6045,0.0,115.0,360.0,0,0,6045.0,4.7535901911063645,8.707152175339404,0.01902084022494211,1,0,0
1,1,3,0,0,5250,0.0,94.0,360.0,1,0,5250.0,4.553876891600541,8.566173813637858,0.017901352123405066,0,0,1
1,1,0,0,0,14683,2100.0,304.0,360.0,1,0,16783.0,5.720311776607412,9.728181330636078,0.01811248808388942,1,0,0
1,1,3,1,0,4931,0.0,128.0,360.0,1,0,4931.0,4.859812404361672,8.503499864284235,0.025952960259529603,0,1,0
1,1,1,0,0,6083,4250.0,330.0,360.0,1,1,10333.0,5.802118375377063,9.24319470884713,0.03193342365008709,0,0,1
1,0,0,0,0,2060,2209.0,134.0,360.0,1,1,4269.0,4.90527477843843,8.35936910622267,0.03138173302107728,0,1,0
0,0,1,0,0,3481,0.0,155.0,36.0,1,0,3481.0,5.049856007249537,8.155362120328135,0.04451464675473866,0,1,0
0,0,0,0,0,7200,0.0,120.0,360.0,1,1,7200.0,4.795790545596741,8.881975184248867,0.016664352173309263,1,0,0
1,0,0,0,1,5166,0.0,128.0,360.0,1,1,5166.0,4.859812404361672,8.550047528287184,0.0247725953164312,0,1,0
1,0,0,0,0,4095,3447.0,151.0,360.0,1,1,7542.0,5.0238805208462765,8.928375259853631,0.020018560254540633,1,0,0
1,1,2,0,0,4708,1387.0,150.0,360.0,1,1,6095.0,5.017279836814924,8.715388097366482,0.024606299212598427,0,1,0
1,1,3,0,0,4333,1811.0,160.0,360.0,0,1,6144.0,5.081404364984463,8.723394022000136,0.026037428803905614,0,0,1
0,0,0,0,0,3418,0.0,135.0,360.0,1,0,3418.0,4.912654885736052,8.137103389639302,0.03948522959929804,1,0,0
0,0,1,0,0,2876,1560.0,90.0,360.0,1,1,4436.0,4.51085950651685,8.39773375137891,0.02028397565922921,0,0,1
0,0,0,0,0,3237,0.0,30.0,360.0,1,1,3237.0,3.4339872044851463,8.08271113423758,0.00926497838171711,0,0,1
1,1,0,0,0,11146,0.0,136.0,360.0,1,1,11146.0,4.919980925828125,9.318925682389624,0.01220059208755719,0,0,1
1,0,0,0,0,2833,1857.0,126.0,360.0,1,1,4690.0,4.844187086458591,8.453401058328458,0.026859944574717545,1,0,0
1,1,0,0,0,2620,2223.0,150.0,360.0,1,1,4843.0,5.017279836814924,8.485496104672983,0.030966143682906688,0,1,0
1,1,2,0,0,3900,0.0,90.0,360.0,1,1,3900.0,4.51085950651685,8.268988209506656,0.023071007433991285,0,1,0
1,1,1,0,0,2750,1842.0,115.0,360.0,1,1,4592.0,4.7535901911063645,8.432288684325794,0.025038101458741562,0,1,0
1,1,0,0,0,3993,3274.0,207.0,360.0,1,1,7267.0,5.337538079701318,8.891236429516061,0.028481012658227847,0,1,0
1,1,0,0,0,3103,1300.0,80.0,360.0,1,1,4403.0,4.394449154672439,8.390268497842571,0.018165304268846504,0,0,1
1,1,0,0,0,14583,0.0,436.0,360.0,1,1,14583.0,6.07993319509559,9.5876803163585,0.029895776193088315,0,1,0
0,1,0,1,0,4100,0.0,124.0,360.0,1,1,4100.0,4.8283137373023015,8.31898612539206,0.03023652767617654,1,0,0
1,0,1,1,1,4053,2426.0,158.0,360.0,0,0,6479.0,5.0689042022202315,8.776475789346321,0.024382716049382715,0,0,1
1,1,0,0,0,3927,800.0,112.0,360.0,1,1,4727.0,4.727387818712341,8.461257559085935,0.023688663282571912,0,1,0
1,1,2,0,0,2301,985.7999878,78.0,180.0,1,1,3286.7999878,4.3694478524670215,8.097973923364721,0.023724070895259342,0,0,1
0,0,0,0,0,1811,1666.0,54.0,360.0,1,1,3477.0,4.007333185232471,8.154212694914229,0.015526164462334674,0,0,1
1,1,0,0,0,20667,0.0,128.0,360.0,1,0,20667.0,4.859812404361672,9.936341889407075,0.0061931488291078,1,0,0
1,0,0,0,0,3158,3053.0,89.0,360.0,1,1,6211.0,4.499809670330265,8.734238184268579,0.014327108821635544,1,0,0
0,0,0,0,1,2600,1717.0,99.0,300.0,1,0,4317.0,4.605170185988092,8.370547611074752,0.022927281148679944,0,1,0
1,1,0,0,0,3704,2000.0,120.0,360.0,1,1,5704.0,4.795790545596741,8.649098262296176,0.021034180543382998,1,0,0
0,0,0,0,0,4124,0.0,115.0,360.0,1,1,4124.0,4.7535901911063645,8.324821298768782,0.027878787878787878,0,1,0
1,0,0,0,0,9508,0.0,187.0,360.0,1,1,9508.0,5.236441962829949,9.159993997539445,0.019665579976864023,1,0,0
1,1,0,0,0,3075,2416.0,139.0,360.0,1,1,5491.0,4.941642422609304,8.61104776688786,0.02530954115076475,1,0,0
1,1,2,0,0,4400,0.0,127.0,360.0,0,0,4400.0,4.852030263919617,8.38958706681109,0.028857077936832537,0,1,0
1,1,2,0,0,3153,1560.0,134.0,360.0,1,1,4713.0,4.90527477843843,8.458292083496076,0.028425965210012727,0,0,1
0,0,0,0,0,5417,0.0,143.0,480.0,0,0,5417.0,4.969813299576001,8.59748202264504,0.026393503137689185,0,0,1
1,1,0,0,0,2383,3334.0,172.0,360.0,1,1,5717.0,5.153291594497779,8.651374372882257,0.030080447708989155,0,1,0
1,1,3,0,0,4416,1250.0,110.0,360.0,1,1,5666.0,4.709530201312334,8.64241515616962,0.019410622904535026,0,0,1
1,1,1,0,0,6875,0.0,200.0,360.0,1,1,6875.0,5.303304908059076,8.83579236650274,0.029086678301337987,0,1,0
0,1,1,0,0,4666,0.0,135.0,360.0,1,1,4666.0,4.912654885736052,8.448271745949816,0.028926505249625027,0,0,1
0,0,0,0,0,5000,2541.0,151.0,480.0,1,0,7541.0,5.0238805208462765,8.928242677818302,0.02002121453195439,1,0,0
1,1,1,0,0,2014,2925.0,113.0,360.0,1,0,4939.0,4.736198448394496,8.505120610181969,0.022874493927125508,0,0,1
1,1,0,1,0,1800,2934.0,93.0,360.0,0,0,4734.0,4.543294782270004,8.462737005620179,0.019640971488912355,0,0,1
1,1,0,1,0,2875,1750.0,105.0,360.0,1,1,4625.0,4.663439094112067,8.439447842791385,0.022697795071335927,0,1,0
0,0,0,0,0,5000,0.0,132.0,360.0,1,1,5000.0,4.890349128221754,8.517393171418904,0.026394721055788842,1,0,0
1,1,1,0,0,1625,1803.0,96.0,360.0,1,1,3428.0,4.574710978503383,8.14002395246292,0.02799650043744532,0,0,1
1,0,0,0,0,4000,2500.0,140.0,360.0,1,1,6500.0,4.948759890378168,8.77971129020447,0.02153514843870174,1,0,0
1,0,0,1,0,2000,0.0,128.0,360.0,1,0,2000.0,4.859812404361672,7.601402334583733,0.063968015992004,0,0,1
0,0,0,0,0,3762,1666.0,135.0,360.0,1,1,5428.0,4.912654885736052,8.599510233905452,0.024866457911217537,1,0,0
0,0,0,0,0,2400,1863.0,104.0,360.0,0,0,4263.0,4.653960350157523,8.357962965845681,0.024390243902439025,0,0,1
1,0,0,0,0,20233,0.0,480.0,360.0,1,0,20233.0,6.175867270105761,9.915119636765835,0.023722447365819906,1,0,0
1,1,2,1,0,7667,0.0,185.0,360.0,1,1,7667.0,5.225746673713202,8.944811104165534,0.02412623891497131,1,0,0
0,0,0,0,0,2917,0.0,84.0,360.0,1,1,2917.0,4.442651256490317,7.978653729082731,0.02878684030157642,0,1,0
1,0,0,1,0,2927,2405.0,111.0,360.0,1,1,5332.0,4.718498871295094,8.581669210600602,0.02081380086255391,0,1,0
0,0,0,0,0,2507,0.0,56.0,360.0,1,1,2507.0,4.04305126783455,7.827240901752812,0.022328548644338118,1,0,0
1,1,2,0,1,5746,0.0,144.0,84.0,1,1,5746.0,4.976733742420574,8.656433258507741,0.02505655124412737,1,0,0
1,1,0,0,0,2473,1843.0,159.0,360.0,1,0,4316.0,5.075173815233827,8.370315995555478,0.03683113273106324,1,0,0
1,1,1,1,0,3399,1640.0,111.0,180.0,1,1,5039.0,4.718498871295094,8.525161361065415,0.022023809523809525,0,0,1
1,1,2,0,0,3717,0.0,120.0,360.0,1,1,3717.0,4.795790545596741,8.220941168281389,0.0322754168908015,0,1,0
1,1,0,0,0,2058,2134.0,88.0,360.0,1,1,4192.0,4.48863636973214,8.341171747170762,0.020987359885523492,0,0,1
0,0,1,0,0,3541,0.0,112.0,360.0,1,1,3541.0,4.727387818712341,8.17244681834278,0.03162055335968379,0,1,0
1,1,1,0,1,10000,0.0,155.0,360.0,1,0,10000.0,5.049856007249537,9.210440366976517,0.015498450154984501,1,0,0
1,1,0,0,0,2400,2167.0,115.0,360.0,1,1,4567.0,4.7535901911063645,8.426830751335846,0.025175131348511383,0,1,0
1,1,3,0,0,4342,189.0,124.0,360.0,1,1,4531.0,4.8283137373023015,8.418918622147897,0.02736098852603707,0,1,0
1,1,2,1,0,3601,1590.0,128.0,360.0,1,1,5191.0,4.859812404361672,8.554874258383926,0.02465331278890601,1,0,0
0,0,0,0,0,3166,2985.0,132.0,360.0,1,1,6151.0,4.890349128221754,8.72453251118548,0.021456436931079324,1,0,0
1,1,3,0,0,15000,0.0,300.0,360.0,1,1,15000.0,5.707110264748875,9.61587214452889,0.01999866675554963,1,0,0
1,1,1,0,1,8666,4983.0,376.0,360.0,0,0,13649.0,5.932245187448011,9.521494800613105,0.027545787545787546,1,0,0
1,0,0,0,0,4917,0.0,130.0,360.0,0,1,4917.0,4.875197323201151,8.500657222776137,0.026433509556730378,1,0,0
1,1,0,0,1,5818,2160.0,184.0,360.0,1,1,7978.0,5.220355825078324,8.984568369308281,0.023060533901491414,0,1,0
0,1,0,0,0,4333,2451.0,110.0,360.0,1,0,6784.0,4.709530201312334,8.82246957226897,0.016212232866617538,0,0,1
0,0,0,0,0,2500,0.0,67.0,360.0,1,1,2500.0,4.219507705176107,7.824445930877619,0.026789284286285485,0,0,1
1,0,1,0,0,4384,1793.0,117.0,360.0,1,1,6177.0,4.770684624465665,8.728749873478527,0.018938167691809647,0,0,1
1,0,0,0,0,2935,0.0,98.0,360.0,1,1,2935.0,4.59511985013459,7.984803389734406,0.03337874659400545,0,1,0
1,0,0,0,0,2833,0.0,71.0,360.0,1,1,2833.0,4.276666119016055,7.949444420250626,0.025052928722653495,0,0,1
1,1,0,0,0,63337,0.0,490.0,180.0,1,1,63337.0,6.19644412779452,11.056240743970491,0.007736272064163693,0,0,1
1,1,1,0,1,9833,1833.0,182.0,180.0,1,1,11666.0,5.209486152841421,9.364519622823858,0.015599554298448616,0,0,1
1,1,0,0,1,5503,4490.0,70.0,360.0,1,1,9993.0,4.2626798770413155,9.20974019190415,0.007004202521512908,0,1,0
1,1,1,0,0,5250,688.0,160.0,360.0,1,1,5938.0,5.081404364984463,8.68929604801586,0.02694056238423977,1,0,0
1,1,2,0,1,2500,4600.0,176.0,360.0,1,1,7100.0,5.176149732573829,8.867990898182093,0.024785241515279537,1,0,0
0,0,3,1,0,1830,0.0,128.0,360.0,0,0,1830.0,4.859812404361672,7.5126175446745105,0.06990715456034953,0,0,1
0,0,0,0,0,4160,0.0,71.0,360.0,1,1,4160.0,4.276666119016055,8.333510708982942,0.017063205960105743,0,1,0
1,1,3,1,0,2647,1587.0,173.0,360.0,1,0,4234.0,5.159055299214529,8.351138607086154,0.04085005903187721,1,0,0
0,0,0,0,0,2378,0.0,46.0,360.0,1,0,2378.0,3.8501476017100584,7.774435510302958,0.019335855401429174,1,0,0
1,1,1,1,0,4554,1229.0,158.0,360.0,1,1,5783.0,5.0689042022202315,8.6628507638386,0.02731673582295989,0,0,1
1,1,3,1,0,3173,0.0,74.0,360.0,1,1,3173.0,4.31748811353631,8.062747901086354,0.023314429741650915,0,1,0
1,1,2,0,0,2583,2330.0,125.0,360.0,1,1,4913.0,4.836281906951478,8.499843553081124,0.02543752543752544,1,0,0
1,1,0,0,0,2499,2458.0,160.0,360.0,1,1,4957.0,5.081404364984463,8.508757712595136,0.03227107704719645,0,1,0
1,1,0,1,0,3523,3230.0,152.0,360.0,0,0,6753.0,5.030437921392435,8.817890200945513,0.022505182114302635,1,0,0
1,1,2,1,0,3083,2168.0,126.0,360.0,1,1,5251.0,4.844187086458591,8.566364235422688,0.02399086062452399,0,0,1
1,1,0,0,0,6333,4583.0,259.0,360.0,1,1,10916.0,5.560681631015528,9.29807648628027,0.023724466428506,0,1,0
1,1,0,0,0,2625,6250.0,187.0,360.0,1,1,8875.0,5.236441962829949,9.091106284052485,0.02106804867057233,1,0,0
1,1,0,0,0,9083,0.0,228.0,360.0,1,1,9083.0,5.43372200355424,9.114269903225448,0.02509907529722589,0,1,0
1,0,0,0,0,8750,4167.0,308.0,360.0,1,0,12917.0,5.733341276897746,9.466376966592419,0.02384270010837591,1,0,0
1,1,3,0,0,2666,2083.0,95.0,360.0,1,1,4749.0,4.564348191467836,8.465899897028686,0.02,1,0,0
0,1,0,0,1,5500,0.0,105.0,360.0,0,0,5500.0,4.663439094112067,8.612685172875459,0.019087438647518634,1,0,0
0,1,0,0,0,2423,505.0,130.0,360.0,1,1,2928.0,4.875197323201151,7.982416346827733,0.04438374871969956,0,1,0
0,0,0,0,0,3813,0.0,116.0,180.0,1,1,3813.0,4.762173934797756,8.246433786160365,0.030414263240692185,0,0,1
1,1,2,0,0,8333,3167.0,165.0,360.0,1,1,11500.0,5.111987788356544,9.350189267092581,0.014346578558386227,1,0,0
1,1,1,0,0,3875,0.0,67.0,360.0,1,0,3875.0,4.219507705176107,8.262558973010657,0.017285861713106296,0,0,1
1,1,0,1,0,3000,1666.0,100.0,480.0,0,0,4666.0,4.61512051684126,8.448271745949816,0.021427040925648167,0,0,1
1,1,3,0,0,5167,3167.0,200.0,360.0,1,1,8334.0,5.303304908059076,9.028218795184895,0.02399520095980804,0,1,0
0,0,1,0,0,4723,0.0,81.0,360.0,1,0,4723.0,4.406719247264253,8.460411177317253,0.01714648602878916,0,1,0
1,1,2,0,0,5000,3667.0,236.0,360.0,1,1,8667.0,5.4680601411351315,9.067393362656249,0.02722658052607291,0,1,0
1,1,0,0,0,4750,2333.0,130.0,360.0,1,1,7083.0,4.875197323201151,8.865593998902725,0.018351214003387916,0,0,1
1,1,0,0,0,3013,3033.0,95.0,300.0,1,1,6046.0,4.564348191467836,8.707317560273212,0.015710269555151316,0,0,1
1,0,0,0,1,6822,0.0,141.0,360.0,1,1,6822.0,4.955827057601261,8.828054536815424,0.020665396453173092,1,0,0
1,0,0,1,0,6216,0.0,133.0,360.0,1,0,6216.0,4.897839799950911,8.735042754269337,0.021392954801351134,1,0,0
1,0,0,0,0,2500,0.0,96.0,480.0,1,0,2500.0,4.574710978503383,7.824445930877619,0.03838464614154338,0,1,0
1,0,0,0,0,5124,0.0,124.0,360.0,0,0,5124.0,4.8283137373023015,8.54188580400661,0.024195121951219513,1,0,0
1,1,1,0,0,6325,0.0,175.0,360.0,1,1,6325.0,5.170483995038151,8.752423403865594,0.027663610496364212,0,1,0
1,1,0,0,0,19730,5266.0,570.0,360.0,1,0,24996.0,6.3473892096560105,10.126511096649761,0.022802736328359403,1,0,0
0,0,0,0,1,15759,0.0,55.0,360.0,1,1,15759.0,4.02535169073515,9.66523036341187,0.0034898477157360407,0,1,0
1,1,2,0,0,5185,0.0,155.0,360.0,1,1,5185.0,5.049856007249537,8.55371796609861,0.029888160431932126,0,1,0
1,1,2,0,1,9323,7873.0,380.0,300.0,1,1,17196.0,5.942799375126701,9.752490228984199,0.02209687736233064,1,0,0
1,0,1,0,0,3062,1987.0,111.0,180.0,0,0,5049.0,4.718498871295094,8.527143522269405,0.02198019801980198,0,0,1
0,0,0,0,0,2764,1459.0,110.0,360.0,1,1,4223.0,4.709530201312334,8.348537825386098,0.026041666666666668,0,0,1
1,1,0,0,0,4817,923.0,120.0,180.0,1,1,5740.0,4.795790545596741,8.655388690167637,0.020902281832433374,0,0,1
1,1,3,0,0,8750,4996.0,130.0,360.0,1,1,13746.0,4.875197323201151,9.52857589747142,0.009456608714628646,1,0,0
1,1,0,0,0,4310,0.0,130.0,360.0,1,1,4310.0,4.875197323201151,8.368925174747135,0.03015541637671074,0,1,0
1,0,0,0,0,3069,0.0,71.0,480.0,1,0,3069.0,4.276666119016055,8.029432840581244,0.023127035830618894,0,0,1
1,1,2,0,0,5391,0.0,130.0,360.0,1,1,5391.0,4.875197323201151,8.592671652592143,0.02410979228486647,0,0,1
1,1,0,0,0,3333,2500.0,128.0,360.0,1,1,5833.0,4.859812404361672,8.671458150427666,0.021940349674322936,0,1,0
1,0,0,0,0,5941,4232.0,296.0,360.0,1,1,10173.0,5.6937321388027,9.22759072538271,0.029093768429329665,0,1,0
0,0,0,0,0,6000,0.0,156.0,360.0,1,1,6000.0,5.056245805348308,8.699681400989514,0.02599566738876854,0,0,1
1,0,0,0,1,7167,0.0,128.0,360.0,1,1,7167.0,4.859812404361672,8.877381954654766,0.017857142857142856,0,0,1
1,1,2,0,0,4566,0.0,100.0,360.0,1,0,4566.0,4.61512051684126,8.426611813185,0.02189621195533173,0,0,1
1,0,1,0,0,3667,0.0,113.0,180.0,1,1,3667.0,4.736198448394496,8.207401833376355,0.030806979280261722,0,0,1
1,0,0,1,0,2346,1600.0,132.0,360.0,1,1,3946.0,4.890349128221754,8.280711075662847,0.03344312135799341,0,1,0
1,1,0,1,0,3010,3136.0,128.0,360.0,0,0,6146.0,4.859812404361672,8.72371943690701,0.020823165771921264,0,0,1
1,1,0,0,0,2333,2417.0,136.0,360.0,1,1,4750.0,4.919980925828125,8.46611040118692,0.028625552515259944,0,0,1
1,1,0,0,0,5488,0.0,125.0,360.0,1,1,5488.0,4.836281906951478,8.610501368549889,0.02277281836400073,1,0,0
1,0,3,0,0,9167,0.0,185.0,360.0,1,1,9167.0,5.225746673713202,9.12347443895452,0.02017888307155323,1,0,0
1,1,3,0,0,9504,0.0,275.0,360.0,1,1,9504.0,5.62040086571715,9.15957325492253,0.028932140978432403,1,0,0
1,1,0,0,0,2583,2115.0,120.0,360.0,1,1,4698.0,4.795790545596741,8.455104999102815,0.02553734837199404,0,0,1
1,1,2,1,0,1993,1625.0,113.0,180.0,1,1,3618.0,4.736198448394496,8.193953023563742,0.031224095053882288,0,1,0
1,1,2,0,0,3100,1400.0,113.0,360.0,1,1,4500.0,4.736198448394496,8.412054873292933,0.025105532103976893,0,0,1
1,1,2,0,0,3276,484.0,135.0,360.0,1,1,3760.0,4.912654885736052,8.232440158470336,0.035894708854028186,0,1,0
0,0,0,0,0,3180,0.0,71.0,360.0,0,0,3180.0,4.276666119016055,8.064950891749143,0.022320025149324112,0,0,1
1,1,0,0,0,3033,1459.0,95.0,360.0,1,1,4492.0,4.564348191467836,8.41027590907016,0.021144001780547518,0,0,1
1,0,0,1,0,3902,1666.0,109.0,360.0,1,1,5568.0,4.700480365792417,8.624970783589669,0.019572634225175075,1,0,0
0,0,0,0,0,1500,1800.0,103.0,360.0,0,0,3300.0,4.6443908991413725,8.101980731853192,0.031202665858830657,0,1,0
1,1,2,1,0,2889,0.0,45.0,180.0,0,0,2889.0,3.828641396489095,7.969011781106478,0.015570934256055362,0,0,1
1,0,0,1,0,2755,0.0,65.0,300.0,1,0,2755.0,4.189654742026425,7.9215356321335495,0.02358490566037736,1,0,0
1,0,0,0,0,2500,20000.0,103.0,360.0,1,1,22500.0,4.6443908991413725,10.021315031649332,0.004577574330029776,0,1,0
0,0,0,1,0,1963,0.0,53.0,360.0,1,1,1963.0,3.9889840465642745,7.582738488914411,0.0269857433808554,0,1,0
0,0,0,0,1,7441,0.0,194.0,360.0,1,0,7441.0,5.272999558563747,8.914894908906568,0.026068261220102123,1,0,0
0,0,0,0,0,4547,0.0,115.0,360.0,1,1,4547.0,4.7535901911063645,8.422442854870427,0.0252858399296394,0,1,0
1,1,0,1,0,2167,2400.0,115.0,360.0,1,1,4567.0,4.7535901911063645,8.426830751335846,0.025175131348511383,0,0,1
0,0,0,1,0,2213,0.0,66.0,360.0,1,1,2213.0,4.204692619390966,7.7025561132685825,0.02981029810298103,1,0,0
1,1,1,0,0,8300,0.0,152.0,300.0,0,0,8300.0,5.030437921392435,9.024131268455035,0.018311046861823877,0,1,0
1,1,3,0,0,81000,0.0,360.0,360.0,0,0,81000.0,5.8888779583328805,11.302216779257382,0.00444438957543734,1,0,0
0,0,1,1,1,3867,0.0,62.0,360.0,1,0,3867.0,4.143134726391533,8.260492856573185,0.016028955532574975,0,1,0
1,1,0,0,0,6256,0.0,160.0,360.0,1,1,6256.0,5.081404364984463,8.741456115998364,0.02557136007671408,0,0,1
1,1,0,1,0,6096,0.0,218.0,360.0,0,0,6096.0,5.389071729816501,8.715552125907816,0.03575528948663277,1,0,0
1,1,0,1,0,2253,2033.0,110.0,360.0,1,1,4286.0,4.709530201312334,8.363342466597977,0.025658968975973875,1,0,0
0,1,0,1,0,2149,3237.0,178.0,360.0,0,0,5386.0,5.187385805840755,8.591743922680534,0.033042509745684054,0,1,0
0,0,0,0,0,2995,0.0,60.0,360.0,1,1,2995.0,4.110873864173311,8.005033344637111,0.020026702269692925,0,0,1
0,0,1,0,0,2600,0.0,160.0,360.0,1,0,2600.0,5.081404364984463,7.8636512654486515,0.06151480199923107,0,0,1
1,1,2,0,1,1600,20000.0,239.0,360.0,1,0,21600.0,5.480638923341991,9.980494888896912,0.011064302578584324,0,0,1
1,1,0,0,0,1025,2773.0,112.0,360.0,1,1,3798.0,4.727387818712341,8.242493153187626,0.029481442484864437,1,0,0
1,1,0,0,0,3246,1417.0,138.0,360.0,1,1,4663.0,4.9344739331306915,8.447628728030327,0.029588336192109776,0,1,0
1,1,0,0,0,5829,0.0,138.0,360.0,1,1,5829.0,4.9344739331306915,8.670772279344538,0.023670668953687822,1,0,0
0,0,0,1,0,2720,0.0,80.0,360.0,0,0,2720.0,4.394449154672439,7.908754738783246,0.02940095553105476,0,0,1
1,1,0,0,0,1820,1719.0,100.0,360.0,1,1,3539.0,4.61512051684126,8.17188200612782,0.02824858757062147,0,0,1
1,1,1,0,0,7250,1667.0,110.0,360.0,0,0,8917.0,4.709530201312334,9.095826985187422,0.012334604171338866,0,0,1
1,1,0,0,0,14880,0.0,96.0,360.0,1,1,14880.0,4.574710978503383,9.60784051043005,0.00645117935622606,0,1,0
1,1,0,0,0,2666,4300.0,121.0,360.0,1,1,6966.0,4.804021044733257,8.848939995030118,0.017367590067460886,1,0,0
0,0,1,1,0,4606,0.0,81.0,360.0,1,0,4606.0,4.406719247264253,8.435332164935916,0.017581940525287606,1,0,0
1,1,2,0,0,5935,0.0,133.0,360.0,1,1,5935.0,4.897839799950911,8.688790784847216,0.02240566037735849,0,1,0
1,1,0,0,0,2920,16.12000084,87.0,360.0,1,1,2936.12000084,4.477336814478207,7.9851847886683345,0.02962085307209732,1,0,0
1,0,0,1,0,2717,0.0,60.0,180.0,1,1,2717.0,4.110873864173311,7.907651594711089,0.02207505518763797,0,0,1
0,0,1,0,1,8624,0.0,150.0,360.0,1,1,8624.0,5.017279836814924,9.062420241899561,0.017391304347826087,0,1,0
1,0,0,0,0,6500,0.0,105.0,360.0,0,0,6500.0,4.663439094112067,8.77971129020447,0.016151361329026302,1,0,0
1,0,0,0,0,12876,0.0,405.0,360.0,1,1,12876.0,6.0063531596017325,9.463198053273784,0.03145142502135591,0,1,0
1,1,0,0,0,2425,2340.0,143.0,360.0,1,1,4765.0,4.969813299576001,8.469262657658687,0.03000419639110365,0,1,0
1,0,0,0,0,3750,0.0,100.0,360.0,1,1,3750.0,4.61512051684126,8.229777750081887,0.026659557451346308,0,0,1
0,1,0,0,0,10047,0.0,128.0,240.0,1,1,10047.0,4.859812404361672,9.21512888870798,0.012738853503184714,0,1,0
1,0,0,0,0,1926,1851.0,50.0,360.0,1,1,3777.0,3.9318256327243257,8.236950048061455,0.013234515616728428,0,1,0
1,1,0,0,0,2213,1125.0,128.0,360.0,1,1,3338.0,4.859812404361672,8.113426639943654,0.03833483078766098,0,0,1
1,0,0,0,1,10416,0.0,187.0,360.0,0,0,10416.0,5.236441962829949,9.251194365984448,0.01795142555438226,0,0,1
0,1,0,1,1,7142,0.0,138.0,360.0,1,1,7142.0,4.9344739331306915,8.873888135154973,0.019319613607727847,1,0,0
1,0,0,0,0,3660,5064.0,187.0,360.0,1,1,8724.0,5.236441962829949,9.073947747070628,0.021432664756446992,0,1,0
1,1,0,0,0,7901,1833.0,180.0,360.0,1,1,9734.0,5.198497031265826,9.1834829178063,0.01848998459167951,1,0,0
1,0,3,1,0,4707,1993.0,148.0,360.0,1,1,6700.0,5.003946305945459,8.81001204797317,0.022086255782718996,0,1,0
1,0,1,0,0,37719,0.0,152.0,360.0,1,1,37719.0,5.030437921392435,10.537945736747394,0.004029692470837752,0,1,0
1,1,0,0,0,7333,8333.0,175.0,300.0,1,1,15666.0,5.170483995038151,9.659311868393488,0.011169975106912618,1,0,0
1,1,1,0,1,3466,1210.0,130.0,360.0,1,1,4676.0,4.875197323201151,8.450412157725886,0.027795595467179815,1,0,0
1,1,2,1,0,4652,0.0,110.0,360.0,1,1,4652.0,4.709530201312334,8.445267451844648,0.02364066193853428,1,0,0
1,1,0,0,0,3539,1376.0,55.0,360.0,1,0,4915.0,4.02535169073515,8.500250470685925,0.011187957689178194,1,0,0
1,1,2,0,0,3340,1710.0,150.0,360.0,0,0,5050.0,5.017279836814924,8.527341522468053,0.02969708968521085,1,0,0
1,0,1,1,1,2769,1542.0,190.0,360.0,1,0,4311.0,5.25227342804663,8.369157112588834,0.04406307977736549,0,1,0
1,1,2,1,0,2309,1255.0,125.0,360.0,0,0,3564.0,4.836281906951478,8.178919332848396,0.03506311360448808,1,0,0
1,1,2,1,0,1958,1456.0,60.0,300.0,1,1,3414.0,4.110873864173311,8.13593277200489,0.017569546120058566,0,0,1
1,1,0,0,0,3948,1733.0,149.0,360.0,0,0,5681.0,5.0106352940962555,8.645058562414134,0.026223160858852516,1,0,0
1,1,0,0,0,2483,2466.0,90.0,180.0,0,1,4949.0,4.51085950651685,8.507142855562735,0.01818181818181818,1,0,0
1,0,0,0,1,7085,0.0,84.0,360.0,1,1,7085.0,4.442651256490317,8.865876285425417,0.011854360711261643,0,1,0
1,1,2,0,0,3859,0.0,96.0,360.0,1,1,3859.0,4.574710978503383,8.258422462458876,0.024870466321243522,0,1,0
1,1,0,0,0,4301,0.0,118.0,360.0,1,1,4301.0,4.77912349311153,8.366835309827675,0.027429102742910275,0,0,1
1,1,0,0,0,3708,2569.0,173.0,360.0,1,0,6277.0,5.159055299214529,8.744806737401898,0.027556546670914304,0,0,1
1,0,2,0,0,4354,0.0,136.0,360.0,1,1,4354.0,4.919980925828125,8.379079889286603,0.031228473019517797,1,0,0
1,1,0,0,0,8334,0.0,160.0,360.0,1,0,8334.0,5.081404364984463,9.028218795184895,0.01919616076784643,0,1,0
1,1,0,0,1,2083,4083.0,160.0,360.0,1,1,6166.0,5.081404364984463,8.726967774991493,0.025944543538187124,0,1,0
1,1,3,0,0,7740,0.0,128.0,180.0,1,1,7740.0,4.859812404361672,8.954286157204713,0.016535331352538433,0,0,1
1,1,0,0,0,3015,2188.0,153.0,360.0,1,1,5203.0,5.0369526024136295,8.557182839632397,0.029400461183704842,1,0,0
0,0,1,1,0,5191,0.0,132.0,360.0,1,1,5191.0,4.890349128221754,8.554874258383926,0.025423728813559324,0,1,0
1,0,0,0,0,4166,0.0,98.0,360.0,0,0,4166.0,4.59511985013459,8.334951631422454,0.02351811855051596,0,1,0
1,0,0,0,0,6000,0.0,140.0,360.0,1,1,6000.0,4.948759890378168,8.699681400989514,0.023329445092484587,1,0,0
1,1,3,1,0,2947,1664.0,70.0,180.0,0,0,4611.0,4.2626798770413155,8.436416881388949,0.015177797051170859,0,0,1
1,1,0,0,0,16692,0.0,110.0,360.0,1,1,16692.0,4.709530201312334,9.722744748855389,0.006589588450248607,0,1,0
0,1,2,1,0,210,2917.0,98.0,360.0,1,1,3127.0,4.59511985013459,8.048149101665201,0.03132992327365729,0,1,0
1,1,0,0,0,4333,2451.0,110.0,360.0,1,0,6784.0,4.709530201312334,8.82246957226897,0.016212232866617538,0,0,1
1,1,1,0,1,3450,2079.0,162.0,360.0,1,1,5529.0,5.093750200806762,8.61794309451638,0.029294755877034357,0,1,0
1,1,1,1,0,2653,1500.0,113.0,180.0,0,0,4153.0,4.736198448394496,8.331827004436057,0.02720269619643717,1,0,0
1,1,3,0,0,4691,0.0,100.0,360.0,1,1,4691.0,4.61512051684126,8.453614209773367,0.021312872975277068,0,1,0
0,0,0,0,1,2500,0.0,93.0,360.0,1,1,2500.0,4.543294782270004,7.824445930877619,0.03718512594962015,0,0,1
1,0,2,0,0,5532,4648.0,162.0,360.0,1,1,10180.0,5.093750200806762,9.228278517107196,0.015911992928003143,1,0,0
1,1,2,0,1,16525,1014.0,150.0,360.0,1,1,17539.0,5.017279836814924,9.772239265926174,0.00855188141391106,1,0,0
1,1,2,0,0,6700,1750.0,230.0,300.0,1,1,8450.0,5.442417710521793,9.042040056544483,0.027215714116672583,0,1,0
1,1,2,0,0,2873,1872.0,132.0,360.0,0,0,4745.0,4.890349128221754,8.465057436995709,0.02781289506953224,0,1,0
1,1,1,0,1,16667,2250.0,86.0,360.0,1,1,18917.0,4.465908118654584,9.847869128773116,0.004545935088275717,0,1,0
1,1,2,0,0,2947,1603.0,128.0,360.0,1,0,4550.0,4.859812404361672,8.423102268016642,0.02812568666227203,0,0,1
0,0,0,1,0,4350,0.0,154.0,360.0,1,1,4350.0,5.043425116919247,8.37816098272068,0.03539416226154907,1,0,0
1,1,3,1,0,3095,0.0,113.0,360.0,1,1,3095.0,4.736198448394496,8.037866234709618,0.03649870801033592,1,0,0
1,1,0,0,0,2083,3150.0,128.0,360.0,1,1,5233.0,4.859812404361672,8.562931083090092,0.02445548337791364,0,1,0
1,1,0,0,0,10833,0.0,234.0,360.0,1,1,10833.0,5.459585514144159,9.290444616217844,0.021598670851024553,0,1,0
1,1,2,0,0,8333,0.0,246.0,360.0,1,1,8333.0,5.5093883366279774,9.0280988119824,0.029517638588912886,0,1,0
1,1,1,1,0,1958,2436.0,131.0,360.0,1,1,4394.0,4.882801922586371,8.388222810119277,0.029806598407281,1,0,0
1,0,2,0,0,3547,0.0,80.0,360.0,0,0,3547.0,4.394449154672439,8.17413934342947,0.02254791431792559,1,0,0
1,1,1,0,0,18333,0.0,500.0,360.0,1,0,18333.0,6.2166061010848646,9.816512538521721,0.027271735573251882,0,0,1
1,1,2,0,1,4583,2083.0,160.0,360.0,1,1,6666.0,5.081404364984463,8.80492526261806,0.023998800059997,0,1,0
1,0,0,0,0,2435,0.0,75.0,360.0,1,0,2435.0,4.330733340286331,7.798112628829788,0.03078817733990148,0,0,1
1,0,0,1,0,2699,2785.0,96.0,360.0,1,1,5484.0,4.574710978503383,8.609772372709331,0.017502278942570646,0,1,0
1,1,1,1,0,5333,1131.0,186.0,360.0,1,1,6464.0,5.231108616854587,8.774158291205957,0.02877030162412993,0,0,1
1,0,0,1,0,3691,0.0,110.0,360.0,1,1,3691.0,4.709530201312334,8.213923595622743,0.029794149512459372,1,0,0
0,0,0,1,1,17263,0.0,225.0,360.0,1,1,17263.0,5.420534999272286,9.756378687497916,0.013032900834105653,0,1,0
1,1,0,0,0,3597,2157.0,119.0,360.0,0,0,5754.0,4.787491742782046,8.657824321155983,0.020677671589921807,1,0,0
0,1,1,0,0,3326,913.0,105.0,84.0,1,1,4239.0,4.663439094112067,8.352318548226004,0.024764150943396228,0,1,0
1,1,0,1,0,2600,1700.0,107.0,360.0,1,1,4300.0,4.68213122712422,8.366602832783736,0.02487793536386887,1,0,0
1,1,0,0,0,4625,2857.0,111.0,12.0,1,1,7482.0,4.718498871295094,8.920389060080359,0.014833622878524655,0,0,1
1,1,1,0,1,2895,0.0,95.0,360.0,1,1,2895.0,4.564348191467836,7.971085753505607,0.03280386740331492,0,1,0
1,0,0,0,0,6283,4416.0,209.0,360.0,0,0,10699.0,5.3471075307174685,9.277999020449997,0.01953271028037383,1,0,0
0,0,0,0,0,645,3683.0,113.0,480.0,1,1,4328.0,4.736198448394496,8.37309184744198,0.026103026103026103,1,0,0
0,0,0,0,0,3159,0.0,100.0,360.0,1,1,3159.0,4.61512051684126,8.058327306580958,0.03164556962025317,0,1,0
1,1,2,0,0,4865,5624.0,208.0,360.0,1,1,10489.0,5.342334251964811,9.258177701390343,0.01982840800762631,0,1,0
1,1,1,1,0,4050,5302.0,138.0,360.0,1,0,9352.0,4.9344739331306915,9.143452426434552,0.014754624184753555,1,0,0
1,1,0,1,0,3814,1483.0,124.0,300.0,1,1,5297.0,4.8283137373023015,8.575084669832014,0.023405058512646282,0,1,0
1,1,2,0,0,3510,4416.0,243.0,360.0,1,1,7926.0,5.497168225293202,8.978029932837156,0.03065472435978302,1,0,0
1,1,0,0,0,20833,6667.0,480.0,360.0,1,1,27500.0,6.175867270105761,10.221977646629885,0.017453910766881204,0,0,1
1,0,0,0,0,3583,0.0,96.0,360.0,1,0,3583.0,4.574710978503383,8.18423477409482,0.026785714285714284,0,0,1
1,1,0,0,1,2479,3013.0,188.0,360.0,1,1,5492.0,5.241747015059643,8.61122983334262,0.03422537775350446,0,0,1
0,0,1,0,0,13262,0.0,40.0,360.0,1,1,13262.0,3.713572066704308,9.492733482494353,0.0030159089195506295,0,0,1
1,0,0,1,0,3598,1287.0,100.0,360.0,1,0,4885.0,4.61512051684126,8.494129251817686,0.020466639377814164,1,0,0
1,1,1,0,0,6065,2004.0,250.0,360.0,1,1,8069.0,5.5254529391317835,8.995908761263994,0.030978934324659233,0,1,0
1,1,2,0,0,3283,2035.0,148.0,360.0,1,1,5318.0,5.003946305945459,8.579040594742317,0.027824779093814627,0,0,1
1,1,0,0,0,2130,6666.0,70.0,180.0,1,0,8796.0,4.2626798770413155,9.082166033252674,0.00795725815618961,0,1,0
1,0,0,0,0,5815,3666.0,311.0,360.0,1,0,9481.0,5.7430031878094825,9.157150543462064,0.032798987555368066,1,0,0
1,1,3,0,0,3466,3428.0,150.0,360.0,1,1,6894.0,5.017279836814924,8.838551790227402,0.021754894851341553,1,0,0
0,1,2,0,0,2031,1632.0,113.0,480.0,1,1,3663.0,4.736198448394496,8.20631072579402,0.03084061135371179,0,1,0
1,1,0,1,0,3074,1800.0,123.0,360.0,0,0,4874.0,4.820281565605037,8.491875383431948,0.02523076923076923,0,1,0
1,0,0,0,0,4683,1915.0,185.0,360.0,1,0,6598.0,5.225746673713202,8.794673401383422,0.028034550689498408,0,1,0
0,0,0,1,0,3400,0.0,95.0,360.0,1,0,3400.0,4.564348191467836,8.131824785007195,0.027932960893854747,1,0,0
1,1,2,1,0,2192,1742.0,45.0,360.0,1,1,3934.0,3.828641396489095,8.277666160851503,0.011435832274459974,0,1,0
1,0,0,0,0,2500,0.0,55.0,360.0,1,1,2500.0,4.02535169073515,7.824445930877619,0.021991203518592562,0,1,0
1,1,3,0,1,5677,1424.0,100.0,360.0,1,1,7101.0,4.61512051684126,8.868131713503033,0.014080540692762602,1,0,0
1,1,2,0,1,7948,7166.0,480.0,360.0,1,1,15114.0,6.175867270105761,9.623442907213558,0.03175653324512074,1,0,0
1,0,0,0,0,4680,2087.0,128.0,360.0,1,0,6767.0,4.859812404361672,8.81996090128606,0.018912529550827423,0,1,0
1,1,2,0,1,17500,0.0,400.0,360.0,1,1,17500.0,5.993961427306569,9.770013301136158,0.02285583680932518,1,0,0
1,1,0,0,0,3775,0.0,110.0,360.0,1,1,3775.0,4.709530201312334,8.236420527265391,0.02913135593220339,0,1,0
1,1,1,1,0,5285,1430.0,161.0,360.0,0,1,6715.0,5.087596335232384,8.812248018197431,0.023972602739726026,0,1,0
1,0,1,1,0,2679,1302.0,94.0,360.0,1,1,3981.0,4.553876891600541,8.289539484624141,0.023606228026117528,0,1,0
1,0,0,1,0,6783,0.0,130.0,360.0,1,1,6783.0,4.875197323201151,8.822322177471738,0.019162735849056603,0,1,0
1,1,0,0,0,1025,5500.0,216.0,360.0,1,1,6525.0,5.37989735354046,8.783549477153265,0.0330983757278578,1,0,0
1,1,3,0,0,4281,0.0,100.0,360.0,1,1,4281.0,4.61512051684126,8.362175469149628,0.023353573096683792,0,0,1
1,0,2,0,0,3588,0.0,110.0,360.0,0,0,3588.0,4.709530201312334,8.185628891147607,0.030649205906937867,1,0,0
1,0,1,0,0,11250,0.0,196.0,360.0,1,0,11250.0,5.2832037287379885,9.328212292571072,0.017420673717891744,0,1,0
0,0,0,1,1,18165,0.0,125.0,360.0,1,1,18165.0,4.836281906951478,9.80730699406216,0.00688098645821865,0,0,1
1,0,0,1,0,2550,2042.0,126.0,360.0,1,1,4592.0,4.844187086458591,8.432288684325794,0.027433050293925537,1,0,0
1,1,0,0,0,6133,3906.0,324.0,360.0,1,1,10039.0,5.783825182329737,9.214332393245721,0.03227091633466136,0,0,1
1,0,2,0,0,3617,0.0,107.0,360.0,1,1,3617.0,4.68213122712422,8.193676665955241,0.02957435046987286,0,1,0
1,1,0,1,0,2917,536.0,66.0,360.0,1,0,3453.0,4.204692619390966,8.147288258706624,0.01910828025477707,1,0,0
1,1,3,0,0,6417,0.0,157.0,180.0,1,1,6417.0,5.062595033026967,8.766861821669803,0.024462449361171704,1,0,0
0,1,1,0,0,4608,2845.0,140.0,180.0,1,1,7453.0,4.948759890378168,8.916506080039204,0.018781862087469816,0,1,0
0,0,0,0,0,2138,0.0,99.0,360.0,0,0,2138.0,4.605170185988092,7.668093709082406,0.04628330995792426,0,1,0
0,0,1,0,0,3652,0.0,95.0,360.0,1,1,3652.0,4.564348191467836,8.203304026795282,0.026006022447303587,0,1,0
1,1,1,1,0,2239,2524.0,128.0,360.0,1,1,4763.0,4.859812404361672,8.46884293047519,0.02686817800167926,0,0,1
0,1,0,1,0,3017,663.0,102.0,360.0,1,1,3680.0,4.634728988229636,8.210939733379021,0.027709861450692746,0,1,0
1,1,0,0,0,2768,1950.0,155.0,360.0,1,1,4718.0,5.049856007249537,8.459352191726387,0.03284594193685103,1,0,0
1,0,0,1,0,3358,0.0,80.0,36.0,1,0,3358.0,4.394449154672439,8.119398589612294,0.023816612086930634,0,1,0
1,0,0,0,0,2526,1783.0,145.0,360.0,1,1,4309.0,4.983606621708336,8.368693183097793,0.033642691415313224,1,0,0
0,0,0,0,0,5000,0.0,103.0,360.0,0,0,5000.0,4.6443908991413725,8.517393171418904,0.020595880823835233,0,1,0
1,1,0,0,0,2785,2016.0,110.0,360.0,1,1,4801.0,4.709530201312334,8.4767877767812,0.022907122032486463,1,0,0
1,1,2,0,1,6633,0.0,128.0,360.0,0,0,6633.0,4.859812404361672,8.799963219506997,0.01929454326198372,1,0,0
1,1,1,1,0,2492,2375.0,128.0,360.0,1,1,4867.0,4.859812404361672,8.490438454107418,0.02629416598192276,1,0,0
1,1,1,0,0,3333,3250.0,158.0,360.0,1,1,6583.0,5.0689042022202315,8.792397742356906,0.02399756986634265,0,0,1
1,1,0,1,0,2454,2333.0,181.0,360.0,0,0,4787.0,5.204006687076795,8.473868066677865,0.03780284043441938,0,0,1
1,1,0,0,0,3593,4266.0,132.0,180.0,0,0,7859.0,4.890349128221754,8.969541885423252,0.016793893129770993,1,0,0
1,1,1,0,0,5468,1032.0,26.0,360.0,1,1,6500.0,3.295836866004329,8.77971129020447,0.003999384710044608,0,1,0
0,0,0,0,0,2667,1625.0,84.0,360.0,1,1,4292.0,4.442651256490317,8.36474106822456,0.019566736547868623,0,0,1
1,1,3,0,1,10139,0.0,260.0,360.0,1,1,10139.0,5.564520407322694,9.224243277145174,0.02564102564102564,0,1,0
1,1,0,0,0,3887,2669.0,162.0,360.0,1,1,6556.0,5.093750200806762,8.788288460263619,0.024706420619185602,0,1,0
0,1,0,0,0,4180,2306.0,182.0,360.0,1,1,6486.0,5.209486152841421,8.777555453213056,0.028056112224448898,0,1,0
1,1,2,1,0,3675,242.0,108.0,360.0,1,1,3917.0,4.6913478822291435,8.273336598504486,0.027565084226646247,0,1,0
0,1,1,0,1,19484,0.0,600.0,360.0,1,1,19484.0,6.398594934535208,9.87740021777281,0.030792917628945343,0,1,0
1,1,0,0,0,5923,2054.0,211.0,360.0,1,1,7977.0,5.356586274672012,8.984443032465352,0.026447731260967663,1,0,0
1,0,0,1,1,5800,0.0,132.0,360.0,1,1,5800.0,4.890349128221754,8.665785595466064,0.022754697465954144,0,1,0
1,1,2,0,0,8799,0.0,258.0,360.0,0,0,8799.0,5.556828061699537,9.082507000466299,0.02931818181818182,0,0,1
1,1,0,1,0,4467,0.0,120.0,360.0,1,1,4467.0,4.795790545596741,8.404696160189092,0.02685765443151298,1,0,0
1,0,0,0,0,3333,0.0,70.0,360.0,1,1,3333.0,4.2626798770413155,8.111928063310739,0.020995800839832032,0,0,1
1,1,3,0,0,3400,2500.0,123.0,360.0,0,0,5900.0,4.820281565605037,8.682877107057168,0.020843924758515507,1,0,0
0,0,0,0,0,2378,0.0,9.0,360.0,1,0,2378.0,2.302585092994046,7.774435510302958,0.0037831021437578815,0,0,1
1,1,0,0,0,3166,2064.0,104.0,360.0,0,0,5230.0,4.653960350157523,8.562357743370612,0.019881475817243355,0,0,1
1,1,1,0,0,3417,1750.0,186.0,360.0,1,1,5167.0,5.231108616854587,8.550241045462437,0.035990712074303405,0,0,1
1,1,0,0,0,5116,1451.0,165.0,360.0,0,0,6567.0,5.111987788356544,8.789964651132264,0.025121802679658953,0,0,1
1,1,2,0,0,16666,0.0,275.0,360.0,1,1,16666.0,5.62040086571715,9.721185995542177,0.016499670006599867,0,0,1
1,1,2,1,0,6125,1625.0,187.0,480.0,1,0,7750.0,5.236441962829949,8.955577146281511,0.024125919236227585,0,1,0
1,1,3,0,0,6406,0.0,150.0,360.0,1,0,6406.0,5.017279836814924,8.765146421639022,0.023411893241766818,0,1,0
1,1,2,0,0,3159,461.0,108.0,84.0,1,1,3620.0,4.6913478822291435,8.19450550976564,0.029826014913007456,0,0,1
1,1,0,0,0,3087,2210.0,136.0,360.0,0,0,5297.0,4.919980925828125,8.575084669832014,0.025670064175160438,0,1,0
1,0,0,0,0,3229,2739.0,110.0,360.0,1,1,5968.0,4.709530201312334,8.69433468816865,0.018428547495392862,0,0,1
1,1,1,0,0,1782,2232.0,107.0,360.0,1,1,4014.0,4.68213122712422,8.297792626380861,0.026650062266500622,1,0,0
1,0,0,0,0,3182,2917.0,161.0,360.0,1,1,6099.0,5.087596335232384,8.716044050161402,0.02639344262295082,0,0,1
1,1,2,0,0,6540,0.0,205.0,360.0,1,1,6540.0,5.327876168789581,8.785845337961213,0.0313407735820211,0,1,0
1,0,0,0,0,1836,33837.0,90.0,360.0,1,0,35673.0,4.51085950651685,10.482177411118249,0.0025228457700285922,0,0,1
0,1,0,0,0,3166,0.0,36.0,360.0,1,1,3166.0,3.6109179126442243,8.06054004653864,0.011367224502683928,0,1,0
1,1,1,0,0,1880,0.0,61.0,360.0,1,0,1880.0,4.127134385045092,7.53955882930103,0.03242955874534822,1,0,0
1,1,1,0,0,2787,1917.0,146.0,360.0,0,0,4704.0,4.990432586778736,8.45638105201948,0.031030818278427207,1,0,0
1,1,1,0,0,4283,3000.0,172.0,84.0,1,0,7283.0,5.153291594497779,8.8934354408475,0.023613399231191653,1,0,0
1,1,0,0,0,2297,1522.0,104.0,360.0,1,1,3819.0,4.653960350157523,8.24800570160062,0.027225130890052355,0,0,1
0,0,0,1,0,2165,0.0,70.0,360.0,1,1,2165.0,4.2626798770413155,7.680637427560936,0.032317636195752536,0,1,0
1,0,0,0,0,4750,0.0,94.0,360.0,1,1,4750.0,4.553876891600541,8.46611040118692,0.01978530835613555,0,1,0
1,1,2,0,1,2726,0.0,106.0,360.0,0,0,2726.0,4.672828834461906,7.910957382845589,0.03887055372203887,0,1,0
1,1,0,0,0,3000,3416.0,56.0,180.0,1,1,6416.0,4.04305126783455,8.766705997750515,0.008726819386005922,0,1,0
1,1,2,0,1,6000,0.0,205.0,240.0,1,0,6000.0,5.327876168789581,8.699681400989514,0.03416097317113814,0,1,0
1,0,3,0,1,9357,0.0,292.0,360.0,1,1,9357.0,5.680172609017068,9.143986871426161,0.031203248557384055,0,1,0
1,1,0,0,0,3859,3300.0,142.0,180.0,1,1,7159.0,4.962844630259907,8.87626525995469,0.01983240223463687,1,0,0
1,1,0,0,1,16120,0.0,260.0,360.0,1,1,16120.0,5.564520407322694,9.687878048875998,0.016128031759816388,0,0,1
1,0,0,1,0,3833,0.0,110.0,360.0,1,1,3833.0,4.709530201312334,8.251663923605589,0.028690662493479395,1,0,0
1,1,2,1,1,6383,1000.0,187.0,360.0,1,0,7383.0,5.236441962829949,8.907070776182689,0.025325027085590465,1,0,0
1,0,0,0,0,2987,0.0,88.0,360.0,0,0,2987.0,4.48863636973214,8.002359546252707,0.029451137884872823,0,1,0
1,1,0,0,1,9963,0.0,180.0,360.0,1,1,9963.0,5.198497031265826,9.20673387638207,0.018065034122842234,1,0,0
1,1,2,0,0,5780,0.0,192.0,360.0,1,1,5780.0,5.262690188904886,8.662331957082475,0.03321224701608718,0,0,1
0,0,3,0,0,416,41667.0,350.0,180.0,1,0,42083.0,5.860786223465865,10.647422899928179,0.0083166999334664,0,0,1
1,1,0,1,0,2894,2792.0,155.0,360.0,1,1,5686.0,5.049856007249537,8.645938147306799,0.027255143309301916,1,0,0
1,1,3,0,0,5703,0.0,128.0,360.0,1,1,5703.0,4.859812404361672,8.648922962094131,0.02244039270687237,0,0,1
1,0,0,0,0,3676,4301.0,172.0,360.0,1,1,7977.0,5.153291594497779,8.984443032465352,0.021559288042115817,1,0,0
0,1,1,0,0,12000,0.0,496.0,360.0,1,1,12000.0,6.208590026096629,9.392745258631441,0.04132988917590201,0,1,0
1,1,0,1,0,2400,3800.0,128.0,180.0,1,0,6200.0,4.859812404361672,8.732465848349879,0.02064183196258668,0,0,1
1,1,1,0,0,3400,2500.0,173.0,360.0,1,1,5900.0,5.159055299214529,8.682877107057168,0.029317064904253516,0,1,0
1,1,2,1,0,3987,1411.0,157.0,360.0,1,1,5398.0,5.062595033026967,8.593969030218288,0.029079459159103538,1,0,0
1,1,0,0,0,3232,1950.0,108.0,360.0,1,1,5182.0,4.6913478822291435,8.553139318189707,0.020837352884429866,1,0,0
0,0,0,0,0,2900,0.0,71.0,360.0,1,1,2900.0,4.276666119016055,7.972810784121404,0.024474319200275766,1,0,0
1,1,3,0,0,4106,0.0,40.0,180.0,1,1,4106.0,3.713572066704308,8.320448113956559,0.009739469198928659,1,0,0
1,1,1,0,0,8072,240.0,253.0,360.0,1,1,8312.0,5.537334267018537,9.025575833531088,0.030434259593407915,0,0,1
1,1,2,0,0,7583,0.0,187.0,360.0,1,1,7583.0,5.236441962829949,8.933796043934858,0.02465717299578059,0,0,1
0,0,0,0,1,4583,0.0,133.0,360.0,0,0,4583.0,4.897839799950911,8.430327258394575,0.029013961605584643,0,1,0
